0,-1,50.6F,9.6
0.05,0,50.6F,9.6
0.1,0,50.6F,9.6
0.15,0,50.6F,9.6
0.2,2,50.6F,9.6
0.25,0,50.6F,9.6
0.3,2,50.6F,9.6
0.35,5,50.6F,9.6
0.4,7,50.6F,9.6
0.45,12,50.6F,9.6
0.5,17,50.6F,9.6
0.55,19,50.6F,9.6
0.6,25,50.6F,9.6
0.65,29,50.6F,9.6
0.7,36,50.6F,9.6
0.75,42,50.6F,9.6
0.8,49,50.6F,9.6
0.85,55,50.6F,9.6
0.9,62,50.6F,9.6
0.95,71,50.6F,9.6
1,81,50.6F,9.6
1.05,89,50.6F,9.6
1.1,99,50.6F,9.6
1.15,108,50.6F,9.6
1.2,120,50.6F,9.6
1.25,131,50.6F,9.6
1.3,144,50.6F,9.6
1.35,154,50.7F,9.6
1.4,169,50.6F,9.6
1.45,182,50.6F,9.6
1.5,197,50.6F,9.6
1.55,210,50.6F,9.6
1.6,225,50.6F,9.6
1.65,236,50.7F,9.6
1.7,248,50.7F,9.6
1.75,265,50.6F,9.6
1.8,275,50.7F,9.6
1.85,285,50.7F,9.6
1.9,301,50.7F,9.6
1.95,318,50.7F,9.6
2,332,50.7F,9.6
2.05,349,50.7F,9.6
2.1,366,50.7F,9.6
2.15,383,50.7F,9.6
2.2,398,50.7F,9.6
2.25,415,50.7F,9.6
2.3,435,50.7F,9.6
2.35,453,50.7F,9.6
2.4,472,50.7F,9.6
2.45,492,50.7F,9.6
2.5,510,50.7F,9.6
2.55,526,50.7F,9.6
2.6,546,50.7F,9.6
2.65,566,50.7F,9.6
2.7,588,50.7F,9.6
2.75,607,50.7F,9.6
2.8,626,50.7F,9.6
2.85,645,50.7F,9.6
2.9,666,50.7F,9.6
2.95,688,50.7F,9.6
3,710,50.7F,9.6
3.05,729,50.7F,9.6
3.1,748,50.7F,9.6
3.15,771,50.7F,9.6
3.2,791,50.7F,9.6
3.25,816,50.7F,9.6
3.3,839,50.7F,9.6
3.35,858,50.7F,9.6
3.4,879,50.7F,9.6
3.45,902,50.7F,9.6
3.5,926,50.7F,9.6
3.55,947,50.7F,9.6
3.6,970,50.7F,9.6
3.65,991,50.7F,9.6
3.7,1014,50.7F,9.6
3.75,1035,50.7F,9.6
3.8,1057,50.7F,9.6
3.85,1079,50.7F,9.6
3.9,1100,50.7F,9.6
3.95,1126,50.7F,9.6
4,1150,50.7F,9.6
4.05,1170,50.7F,9.6
4.1,1190,50.7F,9.6
4.15,1216,50.7F,9.6
4.2,1237,50.7F,9.6
4.25,1260,50.7F,9.6
4.3,1282,50.7F,9.6
4.35,1305,50.7F,9.6
4.4,1327,50.7F,9.6
4.45,1349,50.7F,9.6
4.5,1370,50.7F,9.6
4.55,1390,50.7F,9.6
4.6,1415,50.7F,9.6
4.65,1439,50.7F,9.6
4.7,1458,50.7F,9.6
4.75,1478,50.7F,9.6
4.8,1500,50.7F,9.6
4.85,1518,50.7F,9.6
4.9,1537,50.7F,9.6
4.95,1554,50.7F,9.6
5,1574,50.7F,9.6
5.05,1592,50.7F,9.6
5.1,1610,50.7F,9.6
5.15,1629,50.7F,9.6
5.2,1648,50.7F,9.6
5.25,1667,50.7F,9.6
5.3,1685,50.7F,9.6
5.35,1703,50.7F,9.6
5.4,1721,50.7F,9.6
5.45,1739,50.7F,9.6
5.5,1757,50.7F,9.6
5.55,1773,50.7F,9.6
5.6,1792,50.7F,9.6
5.65,1809,50.7F,9.6
5.7,1825,50.7F,9.6
5.75,1844,50.7F,9.6
5.8,1860,50.7F,9.6
5.85,1877,50.7F,9.6
5.9,1895,50.7F,9.6
5.95,1911,50.7F,9.6
6,1928,50.7F,9.6
6.05,1943,50.7F,9.6
6.1,1960,50.7F,9.6
6.15,1975,50.7F,9.6
6.2,1991,50.7F,9.6
6.25,2008,50.8F,9.6
6.3,2024,50.7F,9.6
6.35,2040,50.7F,9.6
6.4,2055,50.7F,9.6
6.45,2070,50.8F,9.6
6.5,2086,50.8F,9.6
6.55,2101,50.8F,9.6
6.6,2116,50.8F,9.6
6.65,2133,50.7F,9.6
6.7,2147,50.7F,9.6
6.75,2162,50.8F,9.6
6.8,2176,50.8F,9.6
6.85,2192,50.8F,9.6
6.9,2205,50.8F,9.6
6.95,2221,50.8F,9.6
7,2235,50.8F,9.6
7.05,2249,50.8F,9.6
7.1,2263,50.8F,9.6
7.15,2279,50.8F,9.6
7.2,2291,50.8F,9.6
7.25,2304,50.8F,9.6
7.3,2320,50.8F,9.6
7.35,2333,50.8F,9.6
7.4,2345,50.8F,9.6
7.45,2360,50.8F,9.6
7.5,2373,50.8F,9.6
7.55,2386,50.8F,9.6
7.6,2399,50.8F,9.6
7.65,2413,50.8F,9.6
7.7,2425,50.8F,9.6
7.75,2437,50.8F,9.6
7.8,2450,50.8F,9.6
7.85,2461,50.8F,9.6
7.9,2474,50.8F,9.6
7.95,2484,50.8F,9.6
8,2497,50.8F,9.6
8.05,2511,50.8F,9.6
8.1,2523,50.8F,9.6
8.15,2535,50.8F,9.6
8.2,2547,50.8F,9.6
8.25,2559,50.8F,9.6
8.3,2571,50.8F,9.6
8.35,2582,50.8F,9.6
8.4,2594,50.8F,9.6
8.45,2605,50.8F,9.6
8.5,2615,50.8F,9.6
8.55,2628,50.8F,9.6
8.6,2638,50.8F,9.6
8.65,2650,50.8F,9.6
8.7,2661,50.8F,9.6
8.75,2673,50.8F,9.6
8.8,2683,50.8F,9.6
8.85,2693,50.8F,9.6
8.9,2704,50.8F,9.6
8.95,2715,50.8F,9.6
9,2724,50.8F,9.6
9.05,2735,50.8F,9.6
9.1,2744,50.8F,9.6
9.15,2754,50.8F,9.6
9.2,2765,50.8F,9.6
9.25,2774,50.8F,9.6
9.3,2784,50.8F,9.6
9.35,2794,50.8F,9.6
9.4,2803,50.8F,9.6
9.45,2812,50.8F,9.6
9.5,2823,50.8F,9.6
9.55,2832,50.8F,9.6
9.6,2841,50.8F,9.6
9.65,2849,50.8F,9.6
9.7,2859,50.8F,9.6
9.75,2866,50.8F,9.6
9.8,2877,50.8F,9.6
9.85,2885,50.8F,9.6
9.9,2894,50.8F,9.6
9.95,2902,50.8F,9.6
10,2909,50.8F,9.6
10.05,2918,50.8F,9.6
10.1,2927,50.8F,9.6
10.15,2935,50.8F,9.6
10.2,2943,50.8F,9.6
10.25,2952,50.8F,9.6
10.3,2959,50.8F,9.6
10.35,2968,50.8F,9.6
10.4,2976,50.8F,9.6
10.45,2983,50.8F,9.6
10.5,2991,50.8F,9.6
10.55,2998,50.8F,9.6
10.6,3006,50.8F,9.6
10.65,3013,50.8F,9.6
10.7,3020,50.8F,9.6
10.75,3027,50.8F,9.6
10.8,3034,50.8F,9.6
10.85,3041,50.8F,9.6
10.9,3049,50.8F,9.6
10.95,3054,50.8F,9.6
11,3061,50.8F,9.6
11.05,3068,50.8F,9.6
11.1,3074,50.8F,9.6
11.15,3080,50.8F,9.6
11.2,3088,50.8F,9.6
11.25,3093,50.8F,9.6
11.3,3100,50.8F,9.6
11.35,3105,50.8F,9.6
11.4,3111,50.8F,9.6
11.45,3118,50.8F,9.6
11.5,3123,50.8F,9.6
11.55,3129,50.8F,9.6
11.6,3135,50.8F,9.6
11.65,3140,50.8F,9.6
11.7,3146,50.8F,9.6
11.75,3151,50.8F,9.6
11.8,3156,50.8F,9.6
11.85,3162,50.8F,9.6
11.9,3168,50.8F,9.6
11.95,3172,50.8F,9.6
12,3177,50.8F,9.6
12.05,3181,50.8F,9.6
12.1,3186,50.8F,9.6
12.15,3191,50.8F,9.6
12.2,3196,50.8F,9.6
12.25,3200,50.8F,9.6
12.3,3203,50.8F,9.6
12.35,3207,50.8F,9.6
12.4,3214,50.8F,9.6
12.45,3218,50.8F,9.6
12.5,3220,50.8F,9.6
12.55,3224,50.8F,9.6
12.6,3229,50.8F,9.6
12.65,3230,50.8F,9.6
12.7,3235,50.8F,9.6
12.75,3240,50.8F,9.6
12.8,3244,50.8F,9.6
12.85,3246,50.8F,9.6
12.9,3251,50.8F,9.6
12.95,3253,50.8F,9.6
13,3256,50.8F,9.6
13.05,3259,50.8F,9.6
13.1,3263,50.8F,9.6
13.15,3266,50.8F,9.6
13.2,3268,50.8F,9.6
13.25,3271,50.8F,9.6
13.3,3273,50.8F,9.6
13.35,3276,50.8F,9.6
13.4,3278,50.8F,9.6
13.45,3281,50.8F,9.6
13.5,3285,50.8F,9.6
13.55,3286,50.8F,9.6
13.6,3289,50.8F,9.6
13.65,3290,50.8F,9.6
13.7,3293,50.8F,9.6
13.75,3293,50.8F,9.6
13.8,3297,50.8F,9.6
13.85,3299,50.8F,9.6
13.9,3301,50.8F,9.6
13.95,3302,50.8F,9.6
14,3304,50.8F,9.6
14.05,3304,50.8F,9.6
14.1,3307,50.8F,9.6
14.15,3307,50.8F,9.6
14.2,3308,50.8F,9.6
14.25,3309,50.8F,9.6
14.3,3310,50.8F,9.6
14.35,3313,50.8F,9.6
14.4,3313,50.8F,9.6
14.45,3313,50.8F,9.6
14.5,3314,50.8F,9.6
14.55,3313,50.8F,9.6
14.6,3314,50.8F,9.6
14.65,3316,50.8F,9.6
14.7,3315,50.8F,9.6
14.75,3315,50.8F,9.6
14.8,3316,50.8F,9.6
14.85,3316,50.8F,9.6
14.9,3315,50.8F,9.6
14.95,3316,50.8F,9.6
15,3314,50.8F,9.6
15.05,3316,50.8F,9.6
15.1,3314,50.8F,9.6
15.15,3316,50.8F,9.6
15.2,3315,50.8F,9.6
15.25,3314,50.8F,9.6
15.3,3313,50.8F,9.6
15.35,3310,50.8F,9.6
15.4,3310,50.8F,9.6
15.45,3275,50.3F,9.6
15.5,3270,50.4F,9.6
15.55,3266,50.5F,9.6
15.6,3263,50.6F,9.6
15.65,3260,50.6F,9.6
15.7,3257,50.6F,0
15.75,3264,50.7F,9.6
15.8,3259,50.8F,9.6
15.85,3254,50.8F,9.6
15.9,3250,50.9F,9.6
15.95,3244,50.9F,9.6
16,3257,50.9F,9.6
16.05,3226,50.9F,9.6
16.1,3228,50.9F,9.6
16.15,3223,51.0F,9.6
16.2,3223,51.0F,9.6
16.25,3229,51.0F,9.6
16.3,3237,51.0F,9.6
16.35,3238,51.0F,9.6
16.4,3233,51.0F,9.6
16.45,3221,51.0F,9.6
16.5,3212,51.0F,9.6
16.55,3210,51.0F,9.6
16.6,3187,51.0F,9.6
16.65,3182,51.0F,9.6
16.7,3215,51.0F,9.6
16.75,3247,51.0F,9.6
16.8,3262,51.0F,9.6
16.85,3235,51.0F,9.6
16.9,3232,51.0F,9.6
16.95,3229,51.0F,9.6
17,3225,51.0F,9.6
17.05,3228,51.0F,9.6
17.1,3221,51.0F,9.6
17.15,3213,51.0F,9.6
17.2,3216,51.0F,9.6
17.25,3206,51.0F,9.6
17.3,3198,51.0F,9.6
17.35,3195,51.0F,9.6
17.4,3174,51.0F,9.6
17.45,3180,51.0F,9.6
17.5,3148,51.0F,9.6
17.55,3139,51.0F,9.6
17.6,3133,51.0F,9.6
17.65,3131,51.0F,9.6
17.7,3130,51.0F,9.6
17.75,3132,51.0F,9.6
17.8,3135,51.0F,9.6
17.85,3141,51.0F,9.6
17.9,3145,51.0F,9.6
17.95,3151,51.0F,9.6
18,3147,51.0F,9.6
18.05,3141,51.0F,9.6
18.1,3122,51.0F,9.6
18.15,3108,51.0F,9.6
18.2,3098,51.0F,9.6
18.25,3091,51.0F,9.6
18.3,3091,51.0F,9.6
18.35,3091,51.0F,9.6
18.4,3099,51.0F,9.6
18.45,3083,51.0F,9.6
18.5,3085,51.0F,9.6
18.55,3098,51.0F,9.6
18.6,3107,51.0F,9.6
18.65,3072,51.0F,9.6
18.7,3096,51.0F,9.6
18.75,3104,51.0F,9.6
18.8,3061,51.0F,9.6
18.85,3064,51.0F,9.6
18.9,3061,51.0F,9.6
18.95,3059,51.0F,9.6
19,3049,51.0F,9.6
19.05,3044,51.0F,9.6
19.1,3043,51.0F,9.6
19.15,3040,51.0F,9.6
19.2,3028,51.0F,9.6
19.25,3020,51.0F,9.6
19.3,3012,51.0F,9.6
19.35,3004,51.0F,9.6
19.4,3004,51.0F,9.6
19.45,3008,51.0F,9.6
19.5,3015,51.0F,9.6
19.55,3022,51.0F,9.6
19.6,3017,51.0F,9.6
19.65,3004,51.0F,9.6
19.7,2991,51.0F,9.6
19.75,2984,51.0F,9.6
19.8,2980,51.0F,9.6
19.85,2979,51.0F,9.6
19.9,2978,51.0F,9.6
19.95,2978,51.0F,9.6
20,2981,51.0F,9.6
20.05,2980,51.0F,9.6
20.1,2993,51.0F,9.6
20.15,3022,51.0F,9.6
20.2,3036,51.0F,9.6
20.25,3058,51.0F,9.6
20.3,2991,51.0F,9.6
20.35,2977,51.0F,9.6
20.4,2970,51.0F,9.6
20.45,2991,51.0F,9.6
20.5,2974,51.0F,9.6
20.55,2960,51.0F,9.6
20.6,2951,51.0F,9.6
20.65,2947,51.0F,9.6
20.7,2938,51.0F,9.6
20.75,2929,51.0F,9.6
20.8,2918,51.0F,9.6
20.85,2913,51.0F,9.6
20.9,2910,51.0F,9.6
20.95,2909,51.0F,9.6
21,2914,51.0F,9.6
21.05,2917,51.0F,9.6
21.1,2915,51.0F,9.6
21.15,2915,51.0F,9.6
21.2,2926,51.0F,9.6
21.25,2923,51.0F,9.6
21.3,2914,51.0F,9.6
21.35,2918,51.0F,9.6
21.4,2910,51.0F,9.6
21.45,2889,51.0F,9.6
21.5,2868,51.0F,9.6
21.55,2858,51.0F,9.6
21.6,2855,51.0F,9.6
21.65,2854,51.0F,9.6
21.7,2861,51.0F,9.6
21.75,2859,51.0F,9.6
21.8,2855,51.0F,9.6
21.85,2869,51.0F,9.6
21.9,2858,51.0F,9.6
21.95,2866,51.0F,9.6
22,2858,51.0F,9.6
22.05,2855,51.0F,9.6
22.1,2823,51.0F,9.6
22.15,2829,51.0F,9.6
22.2,2836,51.0F,9.6
22.25,2836,51.0F,9.6
22.3,2863,51.0F,9.6
22.35,2838,51.0F,9.6
22.4,2820,51.0F,9.6
22.45,2814,51.0F,9.6
22.5,2819,51.0F,9.6
22.55,2804,51.0F,9.6
22.6,2783,51.0F,9.6
22.65,2774,51.0F,9.6
22.7,2768,51.0F,9.6
22.75,2771,51.0F,9.6
22.8,2786,51.0F,9.6
22.85,2807,51.0F,9.6
22.9,2806,51.0F,9.6
22.95,2801,51.0F,9.6
23,2806,51.0F,9.6
23.05,2820,51.0F,9.6
23.1,2819,51.0F,9.6
23.15,2809,51.0F,9.6
23.2,2794,51.0F,9.6
23.25,2785,51.0F,9.6
23.3,2779,51.0F,9.6
23.35,2778,51.0F,9.6
23.4,2772,51.0F,9.6
23.45,2785,51.0F,9.6
23.5,2778,51.0F,9.6
23.55,2769,51.0F,9.6
23.6,2778,51.0F,9.6
23.65,2730,51.0F,9.6
23.7,2726,51.0F,9.6
23.75,2710,51.0F,9.6
23.8,2695,51.0F,9.6
23.85,2690,51.0F,9.6
23.9,2686,51.0F,9.6
23.95,2683,51.0F,9.6
24,2684,51.0F,9.6
24.05,2687,51.0F,9.6
24.1,2686,51.0F,9.6
24.15,2694,51.0F,9.6
24.2,2699,51.0F,9.6
24.25,2697,51.0F,9.6
24.3,2686,51.0F,9.6
24.35,2675,51.0F,9.6
24.4,2672,51.0F,9.6
24.45,2673,51.0F,9.6
24.5,2660,51.0F,9.6
24.55,2657,51.0F,9.6
24.6,2657,51.0F,9.6
24.65,2663,51.0F,9.6
24.7,2654,51.0F,9.6
24.75,2633,51.0F,9.6
24.8,2629,51.0F,9.6
24.85,2620,51.0F,9.6
24.9,2619,51.0F,9.6
24.95,2615,51.0F,9.6
25,2615,51.0F,9.6
25.05,2618,51.0F,9.6
25.1,2620,51.0F,9.6
25.15,2622,51.0F,9.6
25.2,2630,51.0F,9.6
25.25,2698,51.0F,9.6
25.3,2713,51.0F,9.6
25.35,2681,51.0F,9.6
25.4,2660,51.0F,9.6
25.45,2651,51.0F,9.6
25.5,2615,51.0F,9.6
25.55,2584,51.0F,9.6
25.6,2591,51.0F,9.6
25.65,2592,51.0F,9.6
25.7,2587,51.0F,9.6
25.75,2583,51.0F,9.6
25.8,2576,51.0F,9.6
25.85,2566,51.0F,9.6
25.9,2573,51.0F,9.6
25.95,2587,51.0F,9.6
26,2636,51.0F,9.6
26.05,2660,51.0F,9.6
26.1,2643,51.0F,9.6
26.15,2594,51.0F,9.6
26.2,2562,51.0F,9.6
26.25,2560,51.0F,9.6
26.3,2564,51.0F,9.6
26.35,2584,51.0F,9.6
26.4,2603,51.0F,9.6
26.45,2596,51.0F,9.6
26.5,2589,51.0F,9.6
26.55,2599,51.0F,9.6
26.6,2593,51.0F,9.6
26.65,2588,51.0F,9.6
26.7,2582,51.0F,9.6
26.75,2571,51.0F,9.6
26.8,2524,51.0F,9.6
26.85,2498,51.0F,9.6
26.9,2495,51.0F,9.6
26.95,2482,51.0F,9.6
27,2480,51.0F,9.6
27.05,2473,51.0F,9.6
27.1,2471,51.0F,9.6
27.15,2467,51.0F,9.6
27.2,2470,51.0F,9.6
27.25,2471,51.0F,9.6
27.3,2481,51.0F,9.6
27.35,2491,51.0F,9.6
27.4,2495,51.0F,9.6
27.45,2499,51.0F,9.6
27.5,2498,51.0F,9.6
27.55,2501,51.0F,9.6
27.6,2498,51.0F,9.6
27.65,2455,51.0F,9.6
27.7,2445,51.0F,9.6
27.75,2438,51.0F,9.6
27.8,2429,51.0F,9.6
27.85,2430,51.0F,9.6
27.9,2423,51.0F,9.6
27.95,2420,51.0F,9.6
28,2412,51.0F,9.6
28.05,2414,51.0F,9.6
28.1,2434,51.0F,9.6
28.15,2430,51.0F,9.6
28.2,2412,51.0F,9.6
28.25,2394,51.0F,9.6
28.3,2399,51.0F,9.6
28.35,2410,51.0F,9.6
28.4,2385,51.0F,9.6
28.45,2380,51.0F,9.6
28.5,2377,51.0F,9.6
28.55,2369,51.0F,9.6
28.6,2370,51.0F,9.6
28.65,2366,51.0F,9.6
28.7,2362,51.0F,9.6
28.75,2360,51.0F,9.6
28.8,2355,51.0F,9.6
28.85,2355,51.1F,9.6
28.9,2354,51.0F,9.6
28.95,2352,51.0F,9.6
29,2348,51.0F,9.6
29.05,2336,51.0F,9.6
29.1,2328,51.0F,9.6
29.15,2323,51.0F,9.6
29.2,2318,51.0F,9.6
29.25,2312,51.0F,9.6
29.3,2308,51.0F,9.6
29.35,2305,51.0F,9.6
29.4,2305,51.0F,9.6
29.45,2306,51.0F,9.6
29.5,2309,51.0F,9.6
29.55,2308,51.0F,9.6
29.6,2308,51.0F,9.6
29.65,2314,51.0F,9.6
29.7,2308,51.0F,9.6
29.75,2311,51.0F,9.6
29.8,2307,51.0F,9.6
29.85,2310,51.0F,9.6
29.9,2323,51.0F,9.6
29.95,2304,51.0F,9.6
30,2296,51.0F,9.6
30.05,2276,51.0F,9.6
30.1,2279,51.0F,9.6
30.15,2264,51.1F,9.6
30.2,2261,51.0F,9.6
30.25,2269,51.0F,9.6
30.3,2271,51.0F,9.6
30.35,2257,51.1F,9.6
30.4,2260,51.0F,9.6
30.45,2241,51.0F,9.6
30.5,2229,51.0F,9.6
30.55,2225,51.0F,9.6
30.6,2227,51.0F,9.6
30.65,2243,51.0F,9.6
30.7,2256,51.0F,9.6
30.75,2256,51.0F,9.6
30.8,2250,51.0F,9.6
30.85,2251,51.0F,9.6
30.9,2273,51.0F,9.6
30.95,2294,51.0F,9.6
31,2310,51.1F,9.6
31.05,2298,51.1F,9.6
31.1,2273,51.1F,9.6
31.15,2230,51.0F,9.6
31.2,2197,51.0F,9.6
31.25,2197,51.1F,9.6
31.3,2196,51.1F,9.6
31.35,2193,51.0F,9.6
31.4,2187,51.1F,9.6
31.45,2191,51.1F,9.6
31.5,2189,51.1F,9.6
31.55,2185,51.0F,9.6
31.6,2183,51.0F,9.6
31.65,2180,51.0F,9.6
31.7,2178,51.0F,9.6
31.75,2176,51.1F,9.6
31.8,2175,51.0F,9.6
31.85,2158,51.0F,9.6
31.9,2144,51.1F,9.6
31.95,2135,51.1F,9.6
32,2128,51.1F,9.6
32.05,2127,51.0F,9.6
32.1,2125,51.1F,9.6
32.15,2120,51.1F,9.6
32.2,2115,51.0F,9.6
32.25,2115,51.0F,9.6
32.3,2117,51.1F,9.6
32.35,2121,51.1F,9.6
32.4,2124,51.1F,9.6
32.45,2123,51.1F,9.6
32.5,2126,51.1F,9.6
32.55,2126,51.1F,9.6
32.6,2115,51.1F,9.6
32.65,2108,51.1F,9.6
32.7,2100,51.1F,9.6
32.75,2102,51.1F,9.6
32.8,2100,51.1F,9.6
32.85,2094,51.1F,9.6
32.9,2090,51.1F,9.6
32.95,2084,51.1F,9.6
33,2082,51.1F,9.6
33.05,2079,51.1F,9.6
33.1,2082,51.1F,9.6
33.15,2077,51.1F,9.6
33.2,2109,51.1F,9.6
33.25,2084,51.1F,9.6
33.3,2064,51.1F,9.6
33.35,2057,51.1F,9.6
33.4,2058,51.1F,9.6
33.45,2051,51.1F,9.6
33.5,2043,51.1F,9.6
33.55,2042,51.1F,9.6
33.6,2041,51.1F,9.6
33.65,2037,51.1F,9.6
33.7,2035,51.1F,9.6
33.75,2040,51.1F,9.6
33.8,2042,51.0F,9.6
33.85,2049,51.1F,9.6
33.9,2042,51.1F,9.6
33.95,2045,51.1F,9.6
34,2039,51.1F,9.6
34.05,2025,51.1F,9.6
34.1,2025,51.1F,9.6
34.15,2029,51.1F,9.6
34.2,2033,51.1F,9.6
34.25,2024,51.1F,9.6
34.3,2012,51.1F,9.6
34.35,2009,51.1F,9.6
34.4,2000,51.1F,9.6
34.45,1999,51.1F,9.6
34.5,1993,51.1F,9.6
34.55,1995,51.1F,9.6
34.6,1986,51.1F,9.6
34.65,1984,51.1F,9.6
34.7,1980,51.1F,9.6
34.75,1990,51.1F,9.6
34.8,2013,51.1F,9.6
34.85,2041,51.1F,9.6
34.9,2022,51.1F,9.6
34.95,1982,51.1F,9.6
35,1962,51.1F,9.6
35.05,1953,51.1F,9.6
35.1,1953,51.1F,9.6
35.15,1949,51.1F,9.6
35.2,1948,51.1F,9.6
35.25,1943,51.0F,9.6
35.3,1941,51.1F,9.6
35.35,1939,51.1F,9.6
35.4,1931,51.1F,9.6
35.45,1917,51.1F,9.6
35.5,1912,51.1F,9.6
35.55,1917,51.1F,9.6
35.6,1933,51.1F,9.6
35.65,1947,51.1F,9.6
35.7,1945,51.0F,9.6
35.75,1923,51.0F,9.6
35.8,1909,51.0F,9.6
35.85,1907,51.0F,9.6
35.9,1912,51.1F,9.6
35.95,1919,51.0F,9.6
36,1934,51.0F,9.6
36.05,1906,51.0F,9.6
36.1,1899,51.0F,9.6
36.15,1889,51.0F,9.6
36.2,1880,51.0F,9.6
36.25,1880,51.1F,9.6
36.3,1876,51.1F,9.6
36.35,1868,51.1F,9.6
36.4,1866,51.1F,9.6
36.45,1858,51.0F,9.6
36.5,1848,51.1F,9.6
36.55,1842,51.0F,9.6
36.6,1838,51.1F,9.6
36.65,1843,51.1F,9.6
36.7,1846,51.1F,9.6
36.75,1845,51.0F,9.6
36.8,1842,51.1F,9.6
36.85,1833,51.1F,9.6
36.9,1819,51.1F,9.6
36.95,1812,51.1F,9.6
37,1810,51.0F,9.6
37.05,1809,51.1F,9.6
37.1,1809,51.1F,9.6
37.15,1809,51.0F,9.6
37.2,1796,51.1F,9.6
37.25,1791,51.1F,9.6
37.3,1797,51.1F,9.6
37.35,1799,51.1F,9.6
37.4,1796,51.0F,9.6
37.45,1793,51.0F,9.6
37.5,1791,51.1F,9.6
37.55,1788,51.0F,9.6
37.6,1788,51.0F,9.6
37.65,1787,51.1F,9.6
37.7,1780,51.0F,9.6
37.75,1782,51.0F,9.6
37.8,1782,51.0F,9.6
37.85,1771,51.0F,9.6
37.9,1776,51.0F,9.6
37.95,1778,51.0F,9.6
38,1767,51.0F,9.6
38.05,1764,51.0F,9.6
38.1,1770,51.0F,9.6
38.15,1759,51.1F,9.6
38.2,1753,51.1F,9.6
38.25,1750,51.0F,9.6
38.3,1748,51.1F,9.6
38.35,1736,51.0F,9.6
38.4,1724,51.0F,9.6
38.45,1720,51.0F,9.6
38.5,1716,51.1F,9.6
38.55,1714,51.0F,9.6
38.6,1712,51.0F,9.6
38.65,1713,51.0F,9.6
38.7,1718,51.0F,9.6
38.75,1722,51.0F,9.6
38.8,1729,51.0F,9.6
38.85,1718,51.0F,9.6
38.9,1715,51.0F,9.6
38.95,1692,51.0F,9.6
39,1688,51.0F,9.6
39.05,1694,51.0F,9.6
39.1,1691,51.0F,9.6
39.15,1691,51.0F,9.6
39.2,1687,51.0F,9.6
39.25,1666,51.0F,9.6
39.3,1659,51.0F,9.6
39.35,1659,51.0F,9.6
39.4,1660,51.0F,9.6
39.45,1660,51.0F,9.6
39.5,1657,51.0F,9.6
39.55,1655,51.0F,9.6
39.6,1654,51.0F,9.6
39.65,1652,51.0F,9.6
39.7,1658,51.0F,9.6
39.75,1656,51.0F,9.6
39.8,1657,51.0F,9.6
39.85,1656,51.0F,9.6
39.9,1643,51.0F,9.6
39.95,1635,51.0F,9.6
40,1624,51.0F,9.6
40.05,1624,51.0F,9.6
40.1,1616,51.0F,9.6
40.15,1611,51.0F,9.6
40.2,1611,51.0F,9.6
40.25,1605,51.0F,9.6
40.3,1602,51.0F,9.6
40.35,1606,51.0F,9.6
40.4,1602,51.0F,9.6
40.45,1601,51.0F,9.6
40.5,1599,51.0F,9.6
40.55,1596,51.0F,9.6
40.6,1587,51.0F,9.6
40.65,1583,51.0F,9.6
40.7,1579,51.0F,9.6
40.75,1573,51.0F,9.6
40.8,1562,51.0F,9.6
40.85,1555,51.0F,9.6
40.9,1553,51.0F,9.6
40.95,1549,51.0F,9.6
41,1549,51.0F,9.6
41.05,1552,51.0F,9.6
41.1,1549,51.0F,9.6
41.15,1549,51.0F,9.6
41.2,1549,51.0F,9.6
41.25,1544,51.0F,9.6
41.3,1529,51.0F,9.6
41.35,1522,51.0F,9.6
41.4,1518,51.0F,9.6
41.45,1519,51.0F,9.6
41.5,1522,51.0F,9.6
41.55,1519,51.0F,9.6
41.6,1515,51.0F,9.6
41.65,1510,51.0F,9.6
41.7,1515,51.0F,9.6
41.75,1516,51.0F,9.6
41.8,1531,51.0F,9.6
41.85,1508,51.0F,9.6
41.9,1516,51.0F,9.6
41.95,1504,51.0F,9.6
42,1520,51.0F,9.6
42.05,1512,51.0F,9.6
42.1,1521,51.0F,9.6
42.15,1504,51.0F,9.6
42.2,1475,51.0F,9.6
42.25,1476,51.0F,9.6
42.3,1480,51.0F,9.6
42.35,1479,51.0F,9.6
42.4,1473,51.0F,9.6
42.45,1467,51.0F,9.6
42.5,1456,51.0F,9.6
42.55,1449,51.0F,9.6
42.6,1446,51.0F,9.6
42.65,1442,51.0F,9.6
42.7,1440,51.0F,9.6
42.75,1439,51.0F,9.6
42.8,1441,51.0F,9.6
42.85,1440,51.0F,9.6
42.9,1442,51.0F,9.6
42.95,1445,51.0F,9.6
43,1437,51.0F,9.6
43.05,1431,51.0F,9.6
43.1,1416,51.0F,9.6
43.15,1409,51.0F,9.6
43.2,1408,51.0F,9.6
43.25,1399,51.0F,9.6
43.3,1445,51.0F,9.6
43.35,1463,51.0F,9.6
43.4,1409,51.0F,9.6
43.45,1390,51.0F,9.6
43.5,1402,51.0F,9.6
43.55,1381,51.0F,9.6
43.6,1380,51.0F,9.6
43.65,1372,51.1F,9.6
43.7,1370,51.0F,9.6
43.75,1370,51.0F,9.6
43.8,1367,51.0F,9.6
43.85,1368,51.0F,9.6
43.9,1368,51.0F,9.6
43.95,1377,51.0F,9.6
44,1376,51.0F,9.6
44.05,1378,51.0F,9.6
44.1,1369,51.0F,9.6
44.15,1361,51.0F,9.6
44.2,1359,51.0F,9.6
44.25,1356,51.0F,9.6
44.3,1359,51.0F,9.6
44.35,1359,51.0F,9.6
44.4,1363,51.0F,9.6
44.45,1355,51.0F,9.6
44.5,1346,51.0F,9.6
44.55,1333,51.0F,9.6
44.6,1327,51.0F,9.6
44.65,1327,51.0F,9.6
44.7,1313,51.0F,9.6
44.75,1302,51.0F,9.6
44.8,1296,51.0F,9.6
44.85,1293,51.0F,9.6
44.9,1284,51.0F,9.6
44.95,1276,51.0F,9.6
45,1271,51.0F,9.6
45.05,1273,51.0F,9.6
45.1,1285,51.0F,9.6
45.15,1300,51.0F,9.6
45.2,1302,51.0F,9.6
45.25,1288,51.0F,9.6
45.3,1285,51.0F,9.6
45.35,1283,51.0F,9.6
45.4,1280,51.0F,9.6
45.45,1277,51.0F,9.6
45.5,1278,51.0F,9.6
45.55,1311,51.0F,9.6
45.6,1320,51.0F,9.6
45.65,1253,51.1F,9.6
45.7,1248,51.0F,9.6
45.75,1257,51.1F,9.6
45.8,1272,51.0F,9.6
45.85,1291,51.0F,9.6
45.9,1288,51.0F,9.6
45.95,1265,51.0F,9.6
46,1252,51.0F,9.6
46.05,1248,51.0F,9.6
46.1,1244,51.0F,9.6
46.15,1234,51.0F,9.6
46.2,1230,51.0F,9.6
46.25,1225,51.0F,9.6
46.3,1223,51.0F,9.6
46.35,1217,51.0F,9.6
46.4,1213,51.0F,9.6
46.45,1211,51.0F,9.6
46.5,1232,51.0F,9.6
46.55,1221,51.0F,9.6
46.6,1200,51.1F,9.6
46.65,1183,51.0F,9.6
46.7,1187,51.0F,9.6
46.75,1178,51.0F,9.6
46.8,1161,51.0F,9.6
46.85,1151,51.0F,9.6
46.9,1150,51.0F,9.6
46.95,1153,51.0F,9.6
47,1159,51.0F,9.6
47.05,1157,51.0F,9.6
47.1,1153,51.0F,9.6
47.15,1142,51.1F,9.6
47.2,1146,51.1F,9.6
47.25,1163,51.1F,9.6
47.3,1159,51.0F,9.6
47.35,1126,51.1F,9.6
47.4,1120,51.1F,9.6
47.45,1115,51.1F,9.6
47.5,1110,51.0F,9.6
47.55,1104,51.0F,9.6
47.6,1102,51.0F,9.6
47.65,1102,51.0F,9.6
47.7,1103,51.0F,9.6
47.75,1096,51.0F,9.6
47.8,1081,51.0F,9.6
47.85,1073,51.0F,9.6
47.9,1081,51.0F,9.6
47.95,1084,51.0F,9.6
48,1084,51.1F,9.6
48.05,1077,51.0F,9.6
48.1,1073,51.1F,9.6
48.15,1072,51.0F,9.6
48.2,1064,51.0F,9.6
48.25,1058,51.0F,9.6
48.3,1053,51.0F,9.6
48.35,1049,51.0F,9.6
48.4,1045,51.0F,9.6
48.45,1040,51.1F,9.6
48.5,1037,51.0F,9.6
48.55,1031,51.0F,9.6
48.6,1033,51.0F,9.6
48.65,1036,51.1F,9.6
48.7,1044,51.1F,9.6
48.75,1044,51.0F,9.6
48.8,1036,51.1F,9.6
48.85,1036,51.0F,9.6
48.9,1020,51.1F,9.6
48.95,1018,51.1F,9.6
49,1015,51.1F,9.6
49.05,1011,51.1F,9.6
49.1,1007,51.0F,9.6
49.15,1002,51.0F,9.6
49.2,996,51.0F,9.6
49.25,992,51.0F,9.6
49.3,991,51.1F,9.6
49.35,991,51.1F,9.6
49.4,991,51.0F,9.6
49.45,990,51.1F,9.6
49.5,989,51.1F,9.6
49.55,983,51.1F,9.6
49.6,979,51.1F,9.6
49.65,970,51.0F,9.6
49.7,958,51.1F,9.6
49.75,949,51.1F,9.6
49.8,943,51.1F,9.6
49.85,944,51.0F,9.6
49.9,945,51.1F,9.6
49.95,945,51.0F,9.6
50,941,51.0F,9.6
50.05,934,51.0F,9.6
50.1,928,51.0F,9.6
50.15,928,51.1F,9.6
50.2,927,51.0F,9.6
50.25,937,51.1F,9.6
50.3,941,51.0F,9.6
50.35,946,51.1F,9.6
50.4,945,51.0F,9.6
50.45,930,51.1F,9.6
50.5,932,51.0F,9.6
50.55,921,51.0F,9.6
50.6,901,51.0F,9.6
50.65,888,51.0F,9.6
50.7,879,51.1F,9.6
50.75,877,51.0F,9.6
50.8,882,51.0F,9.6
50.85,887,51.1F,9.6
50.9,883,51.0F,9.6
50.95,878,51.1F,9.6
51,869,51.1F,9.6
51.05,859,51.1F,9.6
51.1,863,51.1F,9.6
51.15,856,51.0F,9.6
51.2,858,51.0F,9.6
51.25,857,51.1F,9.6
51.3,855,51.1F,9.6
51.35,851,51.1F,9.6
51.4,847,51.1F,9.6
51.45,845,51.1F,9.6
51.5,842,51.1F,9.6
51.55,838,51.0F,9.6
51.6,830,51.0F,9.6
51.65,825,51.1F,9.6
51.7,817,51.1F,9.6
51.75,808,51.1F,9.6
51.8,802,51.0F,9.6
51.85,794,51.1F,9.6
51.9,790,51.1F,9.6
51.95,789,51.1F,9.6
52,790,51.1F,9.6
52.05,791,51.1F,9.6
52.1,791,51.1F,9.6
52.15,788,51.0F,9.6
52.2,783,51.1F,9.6
52.25,775,51.1F,9.6
52.3,768,51.0F,9.6
52.35,765,51.1F,9.6
52.4,765,51.1F,9.6
52.45,767,51.1F,9.6
52.5,770,51.1F,9.6
52.55,779,51.1F,9.6
52.6,785,51.1F,9.6
52.65,786,51.0F,9.6
52.7,779,51.0F,9.6
52.75,770,51.0F,9.6
52.8,758,51.0F,9.6
52.85,763,51.0F,9.6
52.9,748,51.0F,9.6
52.95,735,51.0F,9.6
53,729,51.0F,9.6
53.05,728,51.0F,9.6
53.1,731,51.0F,9.6
53.15,734,51.0F,9.6
53.2,737,51.0F,9.6
53.25,735,51.0F,9.6
53.3,737,51.0F,9.6
53.35,728,51.0F,9.6
53.4,723,51.0F,9.6
53.45,720,51.0F,9.6
53.5,708,51.0F,9.6
53.55,701,51.0F,9.6
53.6,694,51.0F,9.6
53.65,693,51.0F,9.6
53.7,682,51.0F,9.6
53.75,676,51.0F,9.6
53.8,669,51.0F,9.6
53.85,664,51.0F,9.6
53.9,663,51.0F,9.6
53.95,661,51.0F,9.6
54,660,51.0F,9.6
54.05,659,51.0F,9.6
54.1,656,51.0F,9.6
54.15,656,51.0F,9.6
54.2,654,51.0F,9.6
54.25,660,51.0F,9.6
54.3,657,51.0F,9.6
54.35,650,51.0F,9.6
54.4,639,51.0F,9.6
54.45,634,51.0F,9.6
54.5,629,51.0F,9.6
54.55,629,51.0F,9.6
54.6,630,51.0F,9.6
54.65,627,51.0F,9.6
54.7,623,51.0F,9.6
54.75,620,51.0F,9.6
54.8,616,51.0F,9.6
54.85,606,51.0F,9.6
54.9,602,51.0F,9.6
54.95,596,51.0F,9.6
55,596,51.0F,9.6
55.05,600,51.0F,9.6
55.1,598,51.0F,9.6
55.15,594,51.0F,9.6
55.2,584,51.0F,9.6
55.25,572,51.0F,9.6
55.3,568,51.0F,9.6
55.35,568,51.0F,9.6
55.4,571,51.0F,9.6
55.45,572,51.0F,9.6
55.5,578,51.0F,9.6
55.55,569,51.0F,9.6
55.6,572,51.0F,9.6
55.65,571,51.0F,9.6
55.7,560,51.0F,9.6
55.75,548,51.0F,9.6
55.8,350,51.0F,9.1
55.85,529,51.0F,9
55.9,524,51.0F,8.7
55.95,519,51.0F,8.6
56,520,51.0F,8.5
56.05,523,51.0F,8.8
56.1,512,51.0F,8.5
56.15,504,51.0F,7.7
56.2,501,51.0F,7.6
56.25,493,51.0F,7.9
56.3,487,51.0F,7.7
56.35,505,51.0F,7.3
56.4,507,51.0F,7.2
56.45,491,51.0F,7
56.5,478,51.0F,6.8
56.55,468,51.0F,7
56.6,461,51.0F,7.2
56.65,456,51.0F,7.1
56.7,449,51.0F,7.1
56.75,447,51.0F,7.2
56.8,445,51.0F,9
56.85,440,51.0F,9
56.9,438,51.0F,9.1
56.95,433,51.0F,9.1
57,443,51.0F,9.2
57.05,451,51.0F,9.2
57.1,448,51.0F,9.2
57.15,446,51.0F,9.2
57.2,446,51.0F,9.3
57.25,445,51.0F,9.3
57.3,444,51.0F,9.3
57.35,443,51.0F,9.3
57.4,442,51.0F,9.3
57.45,444,51.0F,9.3
57.5,445,51.0F,9.3
57.55,434,51.0F,9.3
57.6,433,51.0F,9.3
57.65,434,51.0F,9.3
57.7,435,51.0F,9.3
57.75,430,51.0F,9.4
57.8,433,51.0F,9.4
57.85,434,51.0F,9.4
57.9,433,51.0F,9.4
57.95,430,51.0F,9.4
58,429,51.0F,9.4
58.05,426,51.0F,9.4
58.1,429,51.0F,9.4
58.15,428,51.0F,9.4
58.2,429,51.0F,9.4
58.25,427,51.0F,9.4
58.3,424,51.0F,9.4
58.35,421,51.0F,9.4
58.4,421,51.0F,9.4
58.45,420,51.0F,9.4
58.5,416,51.0F,9.4
58.55,414,51.0F,9.4
58.6,412,51.0F,9.4
58.65,412,51.0F,9.4
58.7,410,51.0F,9.4
58.75,410,51.0F,9.4
58.8,409,51.0F,9.4
58.85,409,51.0F,9.4
58.9,408,51.0F,9.4
58.95,409,51.0F,9.4
59,408,51.0F,9.4
59.05,406,51.0F,9.4
59.1,406,51.0F,9.4
59.15,407,51.0F,9.4
59.2,407,51.0F,9.5
59.25,405,51.0F,9.5
59.3,405,51.0F,9.5
59.35,403,51.0F,9.5
59.4,401,51.0F,9.5
59.45,401,51.0F,9.5
59.5,401,51.0F,9.5
59.55,400,51.0F,9.5
59.6,401,51.0F,9.5
59.65,401,51.0F,9.5
59.7,400,51.0F,9.5
59.75,398,51.0F,9.5
59.8,396,51.0F,9.5
59.85,395,51.0F,9.5
59.9,394,51.0F,9.5
59.95,394,51.0F,9.5
60,393,51.0F,9.5
60.05,392,51.0F,9.5
60.1,392,51.0F,9.5
60.15,392,51.0F,9.5
60.2,391,51.0F,9.5
60.25,389,51.0F,9.5
60.3,388,51.0F,9.5
60.35,388,51.0F,9.5
60.4,388,51.0F,9.5
60.45,387,51.0F,9.5
60.5,386,51.0F,9.5
60.55,386,51.0F,9.5
60.6,384,51.0F,9.5
60.65,384,51.0F,9.5
60.7,384,51.0F,9.5
60.75,381,51.0F,9.5
60.8,382,51.0F,9.5
60.85,381,51.0F,9.5
60.9,380,51.0F,9.5
60.95,379,51.0F,9.5
61,377,51.0F,9.5
61.05,377,51.0F,9.5
61.1,375,51.0F,9.5
61.15,374,51.0F,9.5
61.2,376,51.0F,9.5
61.25,374,51.0F,9.5
61.3,375,51.0F,9.5
61.35,373,51.0F,9.5
61.4,371,51.0F,9.5
61.45,372,51.0F,9.5
61.5,369,51.0F,9.5
61.55,369,51.0F,9.5
61.6,368,51.0F,9.5
61.65,368,51.0F,9.5
61.7,364,51.0F,9.5
61.75,363,51.0F,9.5
61.8,362,51.0F,9.5
61.85,360,51.0F,9.5
61.9,358,51.0F,9.5
61.95,356,51.0F,9.5
62,356,51.0F,9.5
62.05,354,51.0F,9.5
62.1,352,51.0F,9.5
62.15,351,51.0F,9.5
62.2,349,51.0F,9.5
62.25,348,51.0F,9.5
62.3,347,51.0F,9.5
62.35,346,51.0F,9.5
62.4,344,51.0F,9.5
62.45,344,51.0F,9.5
62.5,343,51.0F,9.5
62.55,343,51.0F,9.5
62.6,342,51.0F,9.5
62.65,341,51.0F,9.5
62.7,340,51.0F,9.5
62.75,339,51.0F,9.5
62.8,338,51.0F,9.5
62.85,339,51.0F,9.5
62.9,338,51.0F,9.5
62.95,336,51.0F,9.5
63,337,51.0F,9.5
63.05,335,51.0F,9.5
63.1,336,51.0F,9.5
63.15,336,51.0F,9.5
63.2,333,51.0F,9.5
63.25,333,51.0F,9.5
63.3,331,51.0F,9.5
63.35,332,51.0F,9.5
63.4,330,51.0F,9.5
63.45,329,51.0F,9.5
63.5,328,51.0F,9.5
63.55,327,51.0F,9.5
63.6,324,51.0F,9.5
63.65,324,51.0F,9.5
63.7,322,51.0F,9.5
63.75,320,51.0F,9.5
63.8,319,51.0F,9.5
63.85,316,51.0F,9.5
63.9,316,51.0F,9.5
63.95,314,51.0F,9.5
64,311,51.0F,9.5
64.05,311,51.0F,9.5
64.1,310,51.0F,9.5
64.15,308,51.0F,9.5
64.2,307,51.0F,9.5
64.25,306,51.0F,9.5
64.3,304,51.0F,9.5
64.35,303,51.0F,9.5
64.4,302,51.0F,9.5
64.45,301,51.0F,9.5
64.5,300,51.0F,9.5
64.55,300,51.0F,9.5
64.6,300,51.0F,9.5
64.65,298,51.0F,9.5
64.7,297,51.0F,9.5
64.75,296,51.0F,9.5
64.8,295,51.0F,9.5
64.85,294,51.0F,9.5
64.9,293,51.0F,9.5
64.95,293,51.0F,9.5
65,291,51.0F,9.5
65.05,290,51.0F,9.5
65.1,290,51.0F,9.5
65.15,290,51.0F,9.5
65.2,287,51.0F,9.5
65.25,287,51.0F,9.5
65.3,285,51.0F,9.5
65.35,284,51.0F,9.5
65.4,282,51.0F,9.5
65.45,282,51.0F,9.5
65.5,282,51.0F,9.5
65.55,279,51.0F,9.5
65.6,279,51.0F,9.5
65.65,278,51.0F,9.5
65.7,277,51.0F,9.5
65.75,276,51.0F,9.5
65.8,274,51.0F,9.5
65.85,272,51.0F,9.5
65.9,272,51.0F,9.5
65.95,270,51.0F,9.5
66,268,51.0F,9.5
66.05,268,51.0F,9.5
66.1,268,51.0F,9.5
66.15,266,51.0F,9.5
66.2,265,51.0F,9.5
66.25,264,51.0F,9.5
66.3,262,51.0F,9.5
66.35,262,51.0F,9.5
66.4,261,51.0F,9.5
66.45,260,51.0F,9.5
66.5,260,51.0F,9.5
66.55,258,51.0F,9.5
66.6,256,51.0F,9.5
66.65,256,51.0F,9.5
66.7,256,51.0F,9.5
66.75,255,51.0F,9.5
66.8,254,51.0F,9.5
66.85,253,51.0F,9.5
66.9,251,51.0F,9.5
66.95,251,51.0F,9.5
67,252,51.0F,9.5
67.05,249,51.0F,9.5
67.1,249,51.0F,9.5
67.15,245,51.0F,9.5
67.2,246,51.0F,9.5
67.25,246,51.0F,9.5
67.3,245,51.0F,9.5
67.35,244,51.0F,9.5
67.4,242,51.0F,9.5
67.45,241,51.0F,9.5
67.5,240,51.0F,9.5
67.55,239,51.0F,9.5
67.6,237,51.0F,9.5
67.65,235,51.0F,9.5
67.7,235,51.0F,9.5
67.75,233,51.0F,9.5
67.8,231,51.0F,9.5
67.85,232,51.0F,9.5
67.9,232,51.0F,9.5
67.95,230,51.0F,9.5
68,229,51.0F,9.5
68.05,228,51.0F,9.5
68.1,227,51.0F,9.5
68.15,227,51.0F,9.5
68.2,227,51.0F,9.5
68.25,224,51.0F,9.5
68.3,225,51.0F,9.5
68.35,223,51.0F,9.5
68.4,221,51.0F,9.5
68.45,221,51.0F,9.5
68.5,221,51.0F,9.5
68.55,219,51.0F,9.5
68.6,219,51.0F,9.5
68.65,217,51.0F,9.5
68.7,215,51.0F,9.5
68.75,215,51.0F,9.5
68.8,214,51.0F,9.5
68.85,213,51.0F,9.5
68.9,211,51.0F,9.5
68.95,211,51.0F,9.5
69,210,51.0F,9.5
69.05,210,51.0F,9.5
69.1,208,51.0F,9.5
69.15,208,51.0F,9.5
69.2,206,51.0F,9.5
69.25,205,51.0F,9.5
69.3,205,51.0F,9.5
69.35,203,51.0F,9.5
69.4,203,51.0F,9.5
69.45,202,51.0F,9.5
69.5,201,51.0F,9.5
69.55,201,51.0F,9.5
69.6,200,51.0F,9.5
69.65,200,51.0F,9.5
69.7,197,51.0F,9.5
69.75,198,51.0F,9.5
69.8,197,51.0F,9.5
69.85,196,51.0F,9.5
69.9,195,51.0F,9.5
69.95,195,51.0F,9.6
70,194,51.0F,9.5
70.05,194,51.0F,9.5
70.1,192,51.0F,9.5
70.15,191,51.0F,9.5
70.2,190,51.0F,9.5
70.25,191,51.0F,9.5
70.3,189,51.0F,9.5
70.35,189,51.0F,9.6
70.4,188,51.0F,9.5
70.45,186,51.0F,9.6
70.5,186,51.0F,9.6
70.55,185,51.0F,9.5
70.6,184,51.0F,9.5
70.65,183,51.0F,9.6
70.7,183,51.0F,9.6
70.75,183,51.0F,9.6
70.8,182,51.0F,9.5
70.85,177,51.0F,9.6
70.9,177,51.0F,9.6
70.95,175,51.0F,9.6
71,174,51.0F,9.5
71.05,174,51.0F,9.6
71.1,171,51.0F,9.5
71.15,169,51.0F,9.5
71.2,168,51.0F,9.5
71.25,166,51.0F,9.6
71.3,164,51.0F,9.6
71.35,163,51.0F,9.6
71.4,161,51.0F,9.6
71.45,160,51.0F,9.6
71.5,159,51.0F,9.5
71.55,159,51.0F,9.6
71.6,157,51.0F,9.6
71.65,155,51.0F,9.6
71.7,154,51.0F,9.6
71.75,154,51.0F,9.6
71.8,152,51.0F,9.6
71.85,152,51.0F,9.6
71.9,150,51.0F,9.6
71.95,148,51.0F,9.6
72,148,51.0F,9.6
72.05,147,51.0F,9.6
72.1,146,51.0F,9.6
72.15,144,51.0F,9.6
72.2,144,51.0F,9.6
72.25,144,51.0F,9.6
72.3,140,51.0F,9.6
72.35,142,51.0F,9.6
72.4,139,51.0F,9.6
72.45,140,51.0F,9.6
72.5,139,51.0F,9.6
72.55,139,51.0F,9.6
72.6,138,51.0F,9.6
72.65,138,51.0F,9.6
72.7,138,51.0F,9.6
72.75,137,51.0F,9.6
72.8,135,51.0F,9.6
72.85,135,51.1F,9.6
72.9,133,51.1F,9.6
72.95,131,51.0F,9.6
73,129,51.1F,9.6
73.05,129,51.1F,9.6
73.1,127,51.1F,9.6
73.15,124,51.1F,9.6
73.2,123,51.1F,9.6
73.25,122,51.1F,9.6
73.3,120,51.1F,9.6
73.35,118,51.1F,9.6
73.4,117,51.1F,9.6
73.45,116,51.1F,9.6
73.5,115,51.1F,9.6
73.55,112,51.1F,9.6
73.6,111,51.1F,9.6
73.65,110,51.1F,9.6
73.7,110,51.1F,9.6
73.75,109,51.1F,9.6
73.8,106,51.1F,9.6
73.85,106,51.1F,9.6
73.9,104,51.1F,9.6
73.95,104,51.1F,9.6
74,102,51.1F,9.6
74.05,101,51.1F,9.6
74.1,101,51.1F,9.6
74.15,100,51.1F,9.6
74.2,99,51.1F,9.6
74.25,97,51.1F,9.6
74.3,95,51.1F,9.6
74.35,95,51.1F,9.6
74.4,95,51.1F,9.6
74.45,94,51.1F,9.6
74.5,91,51.1F,9.6
74.55,90,51.1F,9.6
74.6,89,51.1F,9.6
74.65,86,51.1F,9.6
74.7,87,51.1F,9.6
74.75,85,51.1F,9.6
74.8,84,51.1F,9.6
74.85,83,51.1F,9.6
74.9,82,51.1F,9.6
74.95,79,51.1F,9.6
75,79,51.1F,9.6
75.05,77,51.1F,9.6
75.1,76,51.1F,9.6
75.15,74,51.1F,9.6
75.2,73,51.1F,9.6
75.25,72,51.1F,9.6
75.3,72,51.1F,9.6
75.35,71,51.1F,9.6
75.4,70,51.1F,9.6
75.45,68,51.1F,9.6
75.5,67,51.1F,9.6
75.55,67,51.1F,9.6
75.6,65,51.1F,9.6
75.65,64,51.1F,9.6
75.7,64,51.1F,9.6
75.75,62,51.1F,9.6
75.8,61,51.1F,9.6
75.85,61,51.1F,9.6
75.9,61,51.1F,9.6
75.95,59,51.1F,9.6
76,60,51.1F,9.6
76.05,58,51.1F,9.6
76.1,56,51.1F,9.6
76.15,58,51.1F,9.6
76.2,56,51.1F,9.6
76.25,55,51.1F,9.6
76.3,54,51.2F,9.6
76.35,53,51.1F,9.6
76.4,54,51.1F,9.6
76.45,51,51.2F,9.6
76.5,51,51.1F,9.6
76.55,51,51.1F,9.6
76.6,48,51.2F,9.6
76.65,49,51.1F,9.6
76.7,47,51.2F,9.6
76.75,46,51.1F,9.6
76.8,44,51.2F,9.6
76.85,43,51.2F,9.6
76.9,43,51.2F,9.6
76.95,41,51.2F,9.6
77,40,51.1F,9.6
77.05,38,51.2F,9.6
77.1,36,51.2F,9.6
77.15,37,51.1F,9.6
77.2,35,51.1F,9.6
77.25,34,51.2F,9.6
77.3,34,51.2F,9.6
77.35,32,51.2F,9.6
77.4,32,51.2F,9.6
77.45,31,51.2F,9.6
77.5,29,51.2F,9.6
77.55,29,51.1F,9.6
77.6,30,51.2F,9.6
77.65,26,51.2F,9.6
77.7,27,51.2F,9.6
77.75,26,51.2F,9.6
77.8,27,51.2F,9.6
77.85,26,51.2F,9.6
77.9,23,51.2F,9.6
77.95,23,51.2F,9.6
78,23,51.2F,9.6
78.05,22,51.2F,9.6
78.1,21,51.2F,9.6
78.15,21,51.1F,9.6
78.2,20,51.2F,9.6
78.25,18,51.1F,9.6
78.3,18,51.2F,9.6
78.35,16,51.1F,9.6
78.4,16,51.2F,9.6
78.45,16,51.2F,9.6
78.5,15,51.1F,9.6
78.55,12,51.2F,9.6
78.6,14,51.1F,9.6
78.65,12,51.2F,9.6
78.7,13,51.2F,9.6
78.75,13,51.2F,9.6
78.8,12,51.1F,9.6
78.85,10,51.2F,9.6
78.9,10,51.2F,9.6
78.95,10,51.2F,9.6
79,9,51.2F,9.6
79.05,12,51.1F,9.6
79.1,10,51.2F,9.6
79.15,11,51.2F,9.6
79.2,8,51.2F,9.6
79.25,7,51.1F,9.6
79.3,5,51.2F,9.6
79.35,0,51.2F,9.6
79.4,-1,51.2F,9.6
79.45,0,51.2F,9.6
79.5,-1,51.2F,9.6
79.55,-1,51.2F,9.6
79.6,1,51.2F,9.6
79.65,2,51.2F,9.6
79.7,4,51.2F,9.6
79.75,3,51.2F,9.6
79.8,3,51.2F,9.6
79.85,4,51.2F,9.6
79.9,4,51.2F,9.6
79.95,3,51.2F,9.6
80,4,51.2F,9.6
80.05,3,51.2F,9.6
80.1,3,51.2F,9.6
80.15,3,51.2F,9.6
80.2,3,51.2F,9.6
80.25,3,51.2F,9.6
80.3,3,51.2F,9.6
80.35,3,51.2F,9.6
80.4,3,51.2F,9.6
80.45,4,51.2F,9.6
80.5,2,51.2F,9.6
80.55,4,51.2F,9.6
80.6,3,51.2F,9.6
80.65,3,51.2F,9.6
80.7,3,51.2F,9.6
80.75,3,51.2F,9.6
80.8,4,51.1F,9.6
80.85,3,51.2F,9.6
80.9,3,51.2F,9.6
80.95,3,51.2F,9.6
81,3,51.2F,9.6
81.05,4,51.2F,9.6
81.1,3,51.2F,9.6
81.15,3,51.2F,9.6
81.2,3,51.2F,9.6
81.25,4,51.2F,9.6
81.3,3,51.2F,9.6
81.35,4,51.2F,9.6
81.4,5,51.2F,9.6
81.45,4,51.2F,9.6
81.5,4,51.2F,9.6
81.55,4,51.2F,9.6
81.6,4,51.1F,9.6
81.65,4,51.2F,9.6
81.7,3,51.2F,9.6
81.75,3,51.2F,9.6
81.8,3,51.2F,9.6
81.85,4,51.2F,9.6
81.9,5,51.1F,9.6
81.95,3,51.2F,9.6
82,4,51.2F,9.6
82.05,4,51.2F,9.6
82.1,3,51.2F,9.6
82.15,4,51.2F,9.6
82.2,3,51.2F,9.6
82.25,5,51.1F,9.6
82.3,4,51.1F,9.6
82.35,3,51.2F,9.6
82.4,3,51.2F,9.6
82.45,4,51.2F,9.6
82.5,3,51.2F,9.6
82.55,5,51.1F,9.6
82.6,5,51.2F,9.6
82.65,3,51.2F,9.6
82.7,4,51.1F,9.6
82.75,4,51.2F,9.6
82.8,5,51.1F,9.6
82.85,3,51.2F,9.6
82.9,4,51.1F,9.6
82.95,5,51.2F,9.6
83,4,51.2F,9.6
83.05,4,51.2F,9.6
83.1,3,51.2F,9.6
83.15,4,51.1F,9.6
83.2,4,51.2F,9.6
83.25,4,51.1F,9.6
83.3,3,51.2F,9.6
83.35,4,51.2F,9.6
83.4,5,51.1F,9.6
83.45,4,51.1F,9.6
83.5,3,51.2F,9.6
83.55,3,51.2F,9.6
83.6,3,51.1F,9.6
83.65,5,51.1F,9.6
83.7,4,51.1F,9.6
83.75,3,51.1F,9.6
83.8,4,51.2F,9.6
83.85,4,51.1F,9.6
83.9,4,51.1F,9.6
83.95,3,51.1F,9.6
84,5,51.1F,9.6
84.05,3,51.2F,9.6
84.1,3,51.1F,9.6
84.15,4,51.1F,9.6
84.2,3,51.2F,9.6
84.25,3,51.1F,9.6
84.3,4,51.1F,9.6
84.35,4,51.1F,9.6
84.4,3,51.1F,9.6
84.45,4,51.1F,9.6
84.5,3,51.1F,9.6
84.55,3,51.2F,9.6
84.6,4,51.1F,9.6
84.65,4,51.1F,9.6
84.7,5,51.1F,9.6
84.75,5,51.1F,9.6
84.8,4,51.2F,9.6
84.85,5,51.1F,9.6
84.9,4,51.1F,9.6
84.95,5,51.1F,9.6
85,3,51.2F,9.6
85.05,4,51.1F,9.6
85.1,3,51.1F,9.6
85.15,4,51.1F,9.6
85.2,5,51.1F,9.6
85.25,3,51.1F,9.6
85.3,3,51.2F,9.6
85.35,5,51.2F,9.6
85.4,3,51.1F,9.6
85.45,3,51.1F,9.6
85.5,3,51.2F,9.6
85.55,3,51.1F,9.6
85.6,3,51.1F,9.6
85.65,3,51.1F,9.6
85.7,5,51.1F,9.6
85.75,3,51.1F,9.6
85.8,3,51.2F,9.6
85.85,4,51.1F,9.6
85.9,3,51.1F,9.6
85.95,3,51.1F,9.6
86,3,51.1F,9.6
86.05,5,51.1F,9.6
86.1,4,51.1F,9.6
86.15,3,51.1F,9.6
86.2,3,51.1F,9.6
86.25,4,51.1F,9.6
86.3,5,51.1F,9.6
86.35,3,51.1F,9.6
86.4,3,51.2F,9.6
86.45,4,51.1F,9.6
86.5,4,51.1F,9.6
86.55,3,51.2F,9.6
86.6,3,51.2F,9.6
86.65,4,51.1F,9.6
86.7,4,51.1F,9.6
86.75,3,51.1F,9.6
